행정동명,인구수,병원
중계2.3동,7399,36
상계1동,6973,24
공릉1동,6509,36
상계3.4동,6109,14
월계3동,6080,24
월계2동,5848,14
공릉2동,5325,16
상계6.7동,5031,90
상계5동,5005,9
하계1동,4470,13
월계1동,4209,24
중계4동,4007,21
상계9동,3441,13
상계2동,3354,32
하계2동,3229,9
상계8동,2884,21
상계10동,2693,5
중계본동,2523,21
중계1동,2373,15
